deal_id,company_name,country,city,date,stage,amount_usd,disclosed,sector,description,founded_year,website,lead_investor,co_investors,investor_types,source,notes
GCC0001,Utexo,UAE,,2026-03,Undisclosed,7500000,TRUE,Deep Tech & AI,,,,,,,News — Google News — UAE funding,REVIEW | UAE blockchain startup Utexo raises $7.5 million seed led by Tether - Wamda | https://news.google.com/rss/articles/CBMimAFBVV95cUxQbTRBQU02TmVjY0NKLUpRXzBxU3J
GCC0002,Infobrim,Saudi Arabia,,2026-03,Seed,3500000,TRUE,Other,,,,,,,News — Google News — Saudi funding,REVIEW | Saudi Arabia's Infobrim secures angel funding at $3.5M valuation - Wamda | https://news.google.com/rss/articles/CBMikAFBVV95cUxNSzVyUXZ5RFZTX3FISUZucWRZZkF
GCC0003,SkipCash,Qatar,Doha,2026-02,Series A,4000000,TRUE,Fintech,Smart payments infrastructure,,,Qatar Development Bank,"Qatar Islamic Insurance Company, KBN Holding, Finjan Venture Investments, Ula Capital, Doha Tech Angels",VC,Perplexity — Fund Portfolio Research,
GCC0004,Kitopi,UAE,,2026-02,Growth,50000000,TRUE,Food & Agritech,,,,,,,News — Google News — UAE funding,REVIEW | UAE startup Kitopi raises $50m from Temasek-backed fund - Tech in Asia | https://news.google.com/rss/articles/CBMijwFBVV95cUxQQkN0RDdrQWtSb215MndQb0hIczV
GCC0005,Juthor,Saudi Arabia,Riyadh,2026-01,Pre-Seed,500000,TRUE,E-commerce & Retail,,,,Flat6Labs,,VC,Perplexity — Fund Portfolio Research,
GCC0006,Property Finder,UAE,Dubai,2026-01,Growth,170000000,TRUE,Proptech,,,,Mubadala Investment Company,BECO Capital,VC,Perplexity — Fund Portfolio Research,
GCC0007,Newera.ai,Saudi Arabia,,2025-12,Pre-Seed,2100000,TRUE,Deep Tech & AI,,,,,,,News — Google News — Saudi funding,REVIEW | Newera.ai raises $2.1 million pre-seed to scale generative AI in Saudi Arabia - Wamda | https://news.google.com/rss/articles/CBMiogFBVV95cUxPc2NQTFloUU4tLTJyOW9nX0t1b3l
GCC0008,Takadao,Saudi Arabia,,2025-11,Seed,3100000,TRUE,Fintech,,,,,,,News — Google News — Saudi funding,REVIEW | Singapore-Saudi Arabian fintech startup Takadao raises US$3.1 million with Hasan.VC backing - Digita | https://news.google.com/rss/articles/CBMiwgFBVV95cUxOQ0dNV1lFd3BSNEVwVms5bkNKaW9
GCC0009,Paquik,UAE,Dubai,2025-11,Pre-Seed,85000,TRUE,Logistics & Supply Chain,,,,,,,News — Google News — seed GCC 2025,REVIEW | Dubai-Based Crowdshipping Startup Paquik Raises $85K Pre-Seed to Expand Cross-Border Deliveries - en | https://news.google.com/rss/articles/CBMixgFBVV95cUxNcFVEODNwRmw2cU1HUjNpeTRDcUx
GCC0010,EMMA Systems,Qatar,Doha,2025-10,Seed,,FALSE,Deep Tech & AI,Aviation operations AI SaaS platform,,,Plus VC,Angel investors,VC,Perplexity — Fund Portfolio Research,
GCC0011,WheelsOn,UAE,Dubai,2025-09,Undisclosed,12500000,TRUE,Proptech,,,,,,,News — Google News — UAE funding,REVIEW | Dubai’s WheelsOn raises $12.5 million in debt and equity for its deposit-free car rental platform -  | https://news.google.com/rss/articles/CBMiXEFVX3lxTE9BMzVwTndlaFRFZUpWeUtxeFpFSWJ
GCC0012,HALA,Saudi Arabia,Riyadh,2025-09,Series B,157000000,TRUE,Fintech,,,,The Rise Fund (TPG),"Sanabil Investments, MEVP, Wamda Capital, Arzan VC",VC,Perplexity — Fund Portfolio Research,
GCC0013,Calo,Saudi Arabia,Riyadh,2025-07,Series B,39000000,TRUE,Food & Agritech,,,,AlJazira Capital,"Nuwa Capital, STV, Khwarizmi Ventures, Al Faisaliah Group, Oraseya Capital",VC,Perplexity — Fund Portfolio Research,
GCC0014,Lucidya,Saudi Arabia,Riyadh,2025-07,Series B,30000000,TRUE,Deep Tech & AI,,,,Impact46,Wa'ed Ventures,VC,Perplexity — Fund Portfolio Research,
GCC0015,Ninja,Bahrain,,2025-07,Growth,254000000,TRUE,Logistics & Supply Chain,,,,,,,News — Google News — raises million Gulf,REVIEW | Ninja raises $254M to join GCC's unicorn club - StartUp Bahrain | https://news.google.com/rss/articles/CBMigAFBVV95cUxORkdncERRMUtnQW9TVnNsR0djbDN
GCC0016,ShipBee,Qatar,Doha,2025-06,Pre-Seed,235000,TRUE,Logistics & Supply Chain,AI-powered digital logistics marketplace,,,GrowthX,Angel investors,VC,Perplexity — Fund Portfolio Research,
GCC0017,Ovasave,UAE,,2025-06,Pre-Seed,1200000,TRUE,Healthtech,,,,,,,News — Google News — GCC venture,"REVIEW | UAE femtech Ovasave secures $1.2 million to expand in Saudi, GCC - Wamda | https://news.google.com/rss/articles/CBMijwFBVV95cUxPZVdSMldJS2NieGI0YTJDQUFpMFh"
GCC0018,SafaQat,Oman,,2025-06,Seed,,FALSE,SaaS & Enterprise Software,AI-powered B2B digital procurement platform,,,Oman Future Fund,Idrak Group,VC,Perplexity — Fund Portfolio Research,
GCC0019,ZabonEx,Oman,,2025-06,Pre-Seed,100000,TRUE,Deep Tech & AI,Predictive analytics for F&B distribution,,,Future Fund Oman,ITHCA Group,VC,Perplexity — Fund Portfolio Research,
GCC0020,Thndr,UAE,,2025-05,Undisclosed,15700000,TRUE,Deep Tech & AI,,,,,,,News — Google News — Series A GCC,"REVIEW | Thndr raises $15.7m to expand investment access in MENA, targets UAE and Saudi Arabia - Techpoint Af | https://news.google.com/rss/articles/CBMiXkFVX3lxTE5kXzY0UFJfTVpyN3JjNmtFZHE3QVR"
GCC0021,Circle,Kuwait,Kuwait City,2025-05,Series A,6000000,TRUE,E-commerce & Retail,Q-commerce and quick delivery marketplace,,,Undisclosed,,VC,Perplexity — Fund Portfolio Research,
GCC0022,True Gamers,UAE,,2025-04,Seed,5000000,TRUE,Media & Entertainment,,,,,,,News — Google News — UAE funding,REVIEW | UAEs True Gamers raises $5 million to fuel its expansion - My Startup World | https://news.google.com/rss/articles/CBMiiwFBVV95cUxQTFcwRUlOYWtsRFBFblhFWmZTSGJ
GCC0023,Hushday,UAE,,2025-04,Pre-Seed,550000,TRUE,Deep Tech & AI,,,,,,,News — Google News — seed GCC 2025,REVIEW | UAE’s Hushday Raises USD 550K to Expand Premium Sales Platform - waya.media | https://news.google.com/rss/articles/CBMiiAFBVV95cUxPcmI4X0w2ZDJUdHo4U05qRUJkWnl
GCC0024,Klaim,UAE,,2025-03,Series A,26000000,TRUE,Fintech,,,,,,,News — Google News — UAE funding,REVIEW | UAE’s Klaim raises $26 million Series A to fast-track insurance claim payments for healthcare provid | https://news.google.com/rss/articles/CBMiU0FVX3lxTE9ZSW1UcVBNZDdOWWF1bDdtMmdWY3l
GCC0025,PIESHIP,Saudi Arabia,,2025-02,Seed,2100000,TRUE,Logistics & Supply Chain,Smart logistics and last-mile delivery platform,,,Nama Ventures,SEEDRA Ventures,VC,Perplexity — Fund Portfolio Research,
GCC0026,Journify,UAE,Dubai,2025-02,Seed,4000000,TRUE,Deep Tech & AI,,,,,,,News — Google News — raises million Gulf,"REVIEW | Dubai’s Journify raises fresh funds, doubles valuation, to grow first-party data marketing across re | https://news.google.com/rss/articles/CBMib0FVX3lxTE1Eb2hYOXA0djhRQzEweU93S1FFUmx"
GCC0027,Flow48,UAE,,2025-02,Undisclosed,69000000,TRUE,Fintech,,,,,,,News — Google News — Series A GCC,REVIEW | UAE fintech start-up Flow48 raises $69m in mix of debt and equity funding - FinTech Futures | https://news.google.com/rss/articles/CBMixgFBVV95cUxNWmhKdHpkNFdwY0k3eXRMR2pqWDF
GCC0028,Lola,Bahrain,,2025-02,Pre-Seed,1300000,TRUE,Food & Agritech,,,,,,,News — Google News — seed GCC 2024,REVIEW | Bahrain’s Foodtech Lola secures 1.3M Pre-Seed funding for GCC expansion - StartUp Bahrain | https://news.google.com/rss/articles/CBMipAFBVV95cUxQTTlwZ1ZYeVFrcjNERUp5TW9GdVp
GCC0029,Sampo AI,Oman,,2025-01,Pre-Seed,750000,TRUE,Deep Tech & AI,AI SaaS for e-commerce pricing optimisation,,,Omantel Innovation Labs,"Waad Investment, Hexnture, Saudi angel investors",VC,Perplexity — Fund Portfolio Research,
GCC0030,Pluto,UAE,,2025-01,Undisclosed,4099999,TRUE,Fintech,,,,,,,News — Google News — UAE funding,REVIEW | UAE-Based Fintech Startup Pluto Secures $4.1Million Pre-Series - CairoScene | https://news.google.com/rss/articles/CBMimAFBVV95cUxPcUJQbkhIaDA3Q0RLanhVUXBiRkF
GCC0031,BioSapien,UAE,,2025-01,Seed,7000000,TRUE,Healthtech,,,,,,,News — Google News — UAE funding,REVIEW | UAE biotech startup BioSapien raises $7 million pre-Series A for cancer treatment platform - MENAbyt | https://news.google.com/rss/articles/CBMiY0FVX3lxTE9iRkhQMXFsUko2NEpyNVB1QkktQUx
GCC0032,Revibe,UAE,,2024-12,Series A,7000000,TRUE,E-commerce & Retail,,,,,,,News — Google News — Series A GCC,REVIEW | UAE’s Revibe Raises USD 17M to Expand Refurbished Electronics Marketplace - waya.media | https://news.google.com/rss/articles/CBMilwFBVV95cUxPOWxaUGRFVHJ1MVVmSWdnbVR6aUR
GCC0033,Units,Saudi Arabia,,2024-11,Seed,133059,TRUE,Logistics & Supply Chain,Warehousing and logistics solutions,,,Flat6Labs,,VC,Perplexity — Fund Portfolio Research,
GCC0034,Colada,Saudi Arabia,,2024-11,Seed,133059,TRUE,Other,Consumer tech platform,,,Flat6Labs,,VC,Perplexity — Fund Portfolio Research,
GCC0035,Devsy,Saudi Arabia,,2024-11,Seed,133059,TRUE,SaaS & Enterprise Software,AI-powered talent acquisition platform,,,Flat6Labs,,VC,Perplexity — Fund Portfolio Research,
GCC0036,Zofa,Saudi Arabia,,2024-11,Seed,133059,TRUE,Healthtech,Digital clinic management platform,,,Flat6Labs,,VC,Perplexity — Fund Portfolio Research,
GCC0037,CAMION,Saudi Arabia,,2024-11,Seed,133059,TRUE,Logistics & Supply Chain,Digital freight management platform,,,Flat6Labs,,VC,Perplexity — Fund Portfolio Research,
GCC0038,Cyberni,Saudi Arabia,,2024-11,Seed,133059,TRUE,SaaS & Enterprise Software,Cybersecurity SaaS platform,,,Flat6Labs,,VC,Perplexity — Fund Portfolio Research,
GCC0039,dPhish,Saudi Arabia,,2024-11,Seed,133059,TRUE,SaaS & Enterprise Software,Anti-phishing and cybersecurity SaaS,,,Flat6Labs,,VC,Perplexity — Fund Portfolio Research,
GCC0040,Mrrha,Saudi Arabia,,2024-11,Seed,133059,TRUE,E-commerce & Retail,Community-based online marketplace,,,Flat6Labs,,VC,Perplexity — Fund Portfolio Research,
GCC0041,Fezlee,Saudi Arabia,,2024-11,Seed,133059,TRUE,Logistics & Supply Chain,Shipping aggregator platform,,,Flat6Labs,,VC,Perplexity — Fund Portfolio Research,
GCC0042,Hollat,Saudi Arabia,,2024-11,Seed,133059,TRUE,SaaS & Enterprise Software,CRM platform for SMEs,,,Flat6Labs,,VC,Perplexity — Fund Portfolio Research,
GCC0043,Sakan,Kuwait,Kuwait City,2024-10,Series A,12000000,TRUE,Proptech,Real estate commerce and shopping platform,,,,,VC,Perplexity — Fund Portfolio Research,
GCC0044,Ziina,UAE,Dubai,2024-09,Series A,22000000,TRUE,Fintech,,,,,,,News — TechCrunch Middle East,REVIEW | Ziina banks $22M as growth explodes for the UAE-based fintech for small businesses | https://techcrunch.com/2024/09/02/ziina-banks-22m-as-growth-explodes-for-the-uae
GCC0045,IO Kitchens,Oman,,2024-09,Seed,2800000,TRUE,Deep Tech & AI,,,,,,,News — Google News — seed GCC 2024,REVIEW | Oman-based IO Kitchens Raises USD 2.8M in Seed Round - waya.media | https://news.google.com/rss/articles/CBMifEFVX3lxTE92NWRiaVFpOU9UQVNqVE9Wd3Y4ZzJ
GCC0046,Bazzar Gate,Kuwait,Kuwait City,2024-09,Seed,1000000,TRUE,E-commerce & Retail,Online commerce and shopping marketplace,,,,,VC,Perplexity — Fund Portfolio Research,
GCC0047,E Daddy,UAE,,2024-08,Growth,15000000,TRUE,Media & Entertainment,,,,,,,News — Google News — seed GCC 2024,REVIEW | UAE Mobility Startup E Daddy Lands USD15M Investment - waya.media | https://news.google.com/rss/articles/CBMifEFVX3lxTFBrTDNHR3VYQzQyUmtkTHlMNC1nQ1V
GCC0048,Waves,Kuwait,Kuwait City,2024-06,Seed,,FALSE,SaaS & Enterprise Software,B2B technology software platform,,,,,VC,Perplexity — Fund Portfolio Research,
GCC0049,Stake,UAE,Dubai,2024-06,Series A,14000000,TRUE,Proptech,Real estate fintech platform for fractional property investing,,,MEVP,"Wa'ed Ventures, Mubadala Investment Company, Al Jomaih Holding, Republic",,News — TechCrunch Middle East,REVIEW | Dubai-based Stake raises $8 million to let people across the globe invest in local properties | https://techcrunch.com/2022/08/29/dubai-based-stake-raises-8-million-to-let-peop
GCC0050,Tenderd,UAE,Dubai,2024-06,Series A,30000000,TRUE,SaaS & Enterprise Software,Heavy equipment management and emissions intelligence platform,,,A.P. Moller Holding,"Wa'ed Ventures, Nakhla Ventures, Soma Capital",VC,Perplexity — Fund Portfolio Research,
GCC0051,RemotePass,UAE,,2024-03,Series A,5500000,TRUE,SaaS & Enterprise Software,,,,,,,News — Google News — Series A GCC,REVIEW | UAE-based HRtech startup RemotePass raises $5.5M in Series A funding - YourStory.com | https://news.google.com/rss/articles/CBMikAFBVV95cUxOZXBUWl9tOUw0X3Z3Z2Z0M3BCMm9
GCC0052,Mushtari,Kuwait,Kuwait City,2024-02,Seed,200000,TRUE,E-commerce & Retail,Online marketplace platform,,,,,VC,Perplexity — Fund Portfolio Research,
GCC0053,Bookr,Kuwait,Kuwait City,2024-02,Seed,,FALSE,Other,Consumer apps and services,,,,,VC,Perplexity — Fund Portfolio Research,
GCC0054,Karty,Qatar,,2024-01,Seed,2000000,TRUE,Fintech,,,,,,,News — Google News — seed GCC 2024,REVIEW | Qatari fintech Karty raises $2 million Seed round - Wamda | https://news.google.com/rss/articles/CBMiiAFBVV95cUxOMktwbERCeTQxYi1YZ1ZWcUpsNnQ
GCC0055,Hakbah,Saudi Arabia,Riyadh,2023-12,Series A,5100000,TRUE,Fintech,Social savings and investment platform,,,VentureSouq,"M-Capital, Bunat Ventures, Global Ventures, Aditum Investment Management",VC,Perplexity — Fund Portfolio Research,
GCC0056,Tamara,Saudi Arabia,Riyadh,2023-12,Series C+,340000000,TRUE,Fintech,Buy-now-pay-later and shopping platform across Saudi Arabia and GCC,,,SNB Capital,Sanabil Investments,VC,Perplexity — Fund Portfolio Research,
GCC0057,Raha,Kuwait,Kuwait City,2023-11,Series A,7000000,TRUE,Logistics & Supply Chain,E-grocery and logistics platform,,,Soor Capital,"eWTP Arabia Capital, Aujan Enterprises, Cedar Mundi Ventures",VC,Perplexity — Fund Portfolio Research,
GCC0058,Zest Equity,UAE,,2023-10,Seed,3800000,TRUE,Fintech,,,,,,,News — Google News — UAE funding,"REVIEW | Zest Equity, a UAE-based startup digitizing private market deals, raises $3.8M seed funding - TechCr | https://news.google.com/rss/articles/CBMia0FVX3lxTE1EYzlzZDIxUVBna05Ud282MmZnbF9"
GCC0059,Kem,Kuwait,,2023-09,Pre-Seed,1000000,TRUE,Fintech,P2P instant payments platform,,,Maqamees Holdings,,VC,Perplexity — Fund Portfolio Research,
GCC0060,Rewaa,Saudi Arabia,Riyadh,2023-08,Series A,27000000,TRUE,SaaS & Enterprise Software,"Retail SaaS for inventory, POS and accounting",,,Wa'ed Ventures,"STC CIF, Graphene Ventures, Sadu Capital, Vision Ventures, Khwarizmi Ventures, Derayah VC",VC,Perplexity — Fund Portfolio Research,
GCC0061,Snoonu,Qatar,Doha,2023-05,Series B,12000000,TRUE,E-commerce & Retail,Super app for e-commerce and Q-commerce,,,Qatar Development Bank,Undisclosed investors,VC,Perplexity — Fund Portfolio Research,
GCC0062,Qlub,UAE,,2023-03,Seed,25000000,TRUE,Fintech,,,,,,,News — Google News — Series A GCC,REVIEW | UAE’s fintech Qlub raises $25 million - Wamda | https://news.google.com/rss/articles/CBMickFVX3lxTE1feGhsdVlhTkxFNk03cGJLekduRm1
GCC0063,nealthy,UAE,Dubai,2023-02,Pre-Seed,1300000,TRUE,Deep Tech & AI,,,,,,,News — Google News — raises million Gulf,REVIEW | Dubai Web3 startup nealthy raises $1.3M pre-seed funding - YourStory.com | https://news.google.com/rss/articles/CBMijwFBVV95cUxNZEVLczhvZkpMem84R2I5dm11Zmp
GCC0064,Wafeq,UAE,,2023-01,Seed,3000000,TRUE,SaaS & Enterprise Software,SME accounting and fintech SaaS,,,Raed Ventures,Wamda Capital,VC,Perplexity — Fund Portfolio Research,
GCC0065,Tabby,UAE,Dubai,2023-01,Series C+,58000000,TRUE,Fintech,Buy-now-pay-later fintech platform operating across UAE and Saudi Arabia,,,STV,Sequoia Capital India,VC,Perplexity — Fund Portfolio Research,
GCC0066,KitchenimiKs,Oman,,2022-12,Seed,1700000,TRUE,Food & Agritech,F&B and cloud kitchen platform,,,Angel investors,,VC,Perplexity — Fund Portfolio Research,
GCC0067,Qashio,UAE,,2022-11,Seed,10000000,TRUE,Fintech,,,,,,,News — Google News — Series A GCC,"REVIEW | Qashio, UAE’s FinTech startup, raises $10 million in a seed round - waya.media | https://news.google.com/rss/articles/CBMiiAFBVV95cUxOOTBLdE9mdWt5MUcxdzB3NEVzdEF"
GCC0068,baraka,UAE,,2022-10,Series A,20000000,TRUE,Fintech,,,,,,,News — Google News — Series A GCC,REVIEW | UAE fintech baraka raises $20m Series A funding round - Gulf Business | https://news.google.com/rss/articles/CBMiiwFBVV95cUxNRFJFa0hGQVpVSFpOOGFvb2JhVUx
GCC0069,The Cloud,UAE,,2022-09,Series A,10000000,TRUE,Food & Agritech,,,,,,,News — Google News — Series A GCC,REVIEW | UAE-based Cloud Kitchens Startup The Cloud Raises USD12M in Funding - waya.media | https://news.google.com/rss/articles/CBMinAFBVV95cUxOWG5hZUttOURFOGItNU11TGZ5T1p
GCC0070,Faceki,Bahrain,,2022-08,Seed,,FALSE,SaaS & Enterprise Software,Identity verification and fraud protection platform,,,Nama Ventures,,VC,Perplexity — Fund Portfolio Research,
GCC0071,Tamara,Saudi Arabia,Riyadh,2022-08,Series B,100000000,TRUE,Fintech,Buy-now-pay-later and shopping platform across Saudi Arabia and GCC,,,Sanabil Investments,Coatue,VC,Perplexity — Fund Portfolio Research,
GCC0072,Karty,Qatar,Doha,2022-07,Pre-Seed,1180000,TRUE,Fintech,Personal finance and spend management app,,,Visa,"Qatar Development Bank, Qatar Foundation, angel investors",VC,Perplexity — Fund Portfolio Research,
GCC0073,Pure Harvest,UAE,,2022-06,Undisclosed,181000000,TRUE,Deep Tech & AI,,,,,,,News — Google News — raises million Gulf,REVIEW | Billionaire Olayan family backs UAE’s Pure Harvest in $181m fundraise - AgFunderNews | https://news.google.com/rss/articles/CBMimwFBVV95cUxQMTMyMFNLU3M5SnFEbzZIdEp6VDB
GCC0074,Raha,Kuwait,Kuwait City,2022-04,Seed,6700000,TRUE,Logistics & Supply Chain,E-grocery and logistics platform,,,Undisclosed regional investors,,VC,Perplexity — Fund Portfolio Research,
GCC0075,Mozn,Saudi Arabia,Riyadh,2022-02,Series A,10000000,TRUE,Deep Tech & AI,,,,Raed Ventures,VentureSouq,VC,Perplexity — Fund Portfolio Research,
GCC0076,Pypl,UAE,,2022-02,Series A,11000000,TRUE,Fintech,,,,,,,News — Google News — UAE funding,REVIEW | UAE-based Blockchain Payments Startup Pypl Raises $11 Million - Financial IT | https://news.google.com/rss/articles/CBMiqgFBVV95cUxQV1c5VDNRMk9yMTNWaVpwcTV3a1V
GCC0077,TruKKer,Saudi Arabia,Riyadh,2022-01,Series B,96000000,TRUE,Logistics & Supply Chain,,,,ADQ,"Mubadala, Riyad Taqnia Fund, Shorooq Partners, 500 Global",VC,Perplexity — Fund Portfolio Research,
GCC0078,Lamaa,Saudi Arabia,Riyadh,2021-12,Seed,5500000,TRUE,Fintech,,,,Raed Ventures,Wa'ed Ventures,VC,Perplexity — Fund Portfolio Research,
GCC0079,Tabby,UAE,Dubai,2021-08,Series B,50000000,TRUE,Fintech,Buy-now-pay-later fintech platform operating across UAE and Saudi Arabia,,,Global Founders Capital,"STV, Global Founders Capital, Delivery Hero, Arbor Ventures, Raed Ventures, MSA Capital, VentureSouq, Global Ventures, Mubadala",VC,Perplexity — Fund Portfolio Research,
GCC0080,SkipCash,Qatar,Doha,2021-07,Seed,1920000,TRUE,Fintech,Digital payments platform,,,Private Qatari investors,Local angels,VC,Perplexity — Fund Portfolio Research,
GCC0081,Sarwa,UAE,Abu Dhabi,2021-07,Series B,15000000,TRUE,Fintech,,,,Mubadala Investment Company,"HALA Ventures, 500 Global, MEVP",VC,Perplexity — Fund Portfolio Research,
GCC0082,Kitopi,UAE,Dubai,2021-07,Series C+,415000000,TRUE,Food & Agritech,,,,SoftBank Vision Fund 2,BECO Capital,VC,Perplexity — Fund Portfolio Research,
GCC0083,Snoonu,Qatar,Doha,2021-04,Series A,5000000,TRUE,E-commerce & Retail,Super app for e-commerce and delivery,,,Qatar Development Bank,Undisclosed investors,VC,Perplexity — Fund Portfolio Research,
GCC0084,HALA,Saudi Arabia,Riyadh,2021-03,Series A,6500000,TRUE,Fintech,,,,Impact46,Raed Ventures,VC,Perplexity — Fund Portfolio Research,
GCC0085,Lendo,Saudi Arabia,Riyadh,2021-03,Series A,7200000,TRUE,Fintech,,,,Derayah Ventures,"Shorooq Partners, Impact46, 500 Global",VC,Perplexity — Fund Portfolio Research,
GCC0086,NymCard,UAE,Abu Dhabi,2021-02,Series A,7600000,TRUE,Fintech,,,,Shorooq Partners,"OTF Jasoor Ventures, VentureSouq",VC,Perplexity — Fund Portfolio Research,
GCC0087,Spendwisor,Qatar,Doha,2021-01,Pre-Seed,1000000,TRUE,Fintech,Payments and loyalty fintech platform,,,Local angel investors,,VC,Perplexity — Fund Portfolio Research,
GCC0088,CWallet,Qatar,Doha,2021-01,Seed,220000,TRUE,Fintech,Payroll and remittance wallet platform,,,MBK Holding,"360 Nautica, Snoonu Holding",VC,Perplexity — Fund Portfolio Research,
GCC0089,Dibsy,Qatar,Doha,2021-01,Pre-Seed,300000,TRUE,Fintech,Digital payments gateway,,,Local angel investors,,VC,Perplexity — Fund Portfolio Research,
GCC0090,eMushrif,Oman,,2020-12,Series A,2300000,TRUE,SaaS & Enterprise Software,IoT smart bus and school transport management,,,IDO Investments,"Phaze Ventures, OTF Jasoor Ventures, Dtec Ventures, Myrad Holding",VC,Perplexity — Fund Portfolio Research,
GCC0091,Tabby,Bahrain,,2020-12,Series A,23000000,TRUE,Fintech,Buy-now-pay-later fintech platform operating across UAE and Saudi Arabia,,,,,,News — Google News — GCC venture,REVIEW | Tabby raises $23 million in one of GCC’s largest Series-A round - StartUp Bahrain | https://news.google.com/rss/articles/CBMimAFBVV95cUxORkpadF90V0EwUVdLeTBLOFg0NGl
GCC0092,Floward,Kuwait,Kuwait City,2020-10,Series A,2750000,TRUE,E-commerce & Retail,Online flowers and gifts e-commerce platform,,,Impact46,"Faith Capital, BNK",VC,Perplexity — Fund Portfolio Research,
GCC0093,Kaykroo,UAE,Dubai,2020-10,Undisclosed,4000000,TRUE,Food & Agritech,,,,,,,News — Google News — raises million Gulf,REVIEW | Dubai-based cloud kitchen startup Kaykroo raises $4m in new funding - Gulf Business | https://news.google.com/rss/articles/CBMilwFBVV95cUxNc3JjRGYzTDBSVWU5ZExTR3JvOG5
GCC0094,Eyewa,UAE,Dubai,2020-08,Series A,2500000,TRUE,E-commerce & Retail,,,,Wamda Capital,Nuwa Capital,VC,Perplexity — Fund Portfolio Research,
GCC0095,Lean Technologies,Saudi Arabia,Riyadh,2020-07,Seed,3500000,TRUE,Fintech,,,,Raed Ventures,"Shorooq Partners, Global Ventures",VC,Perplexity — Fund Portfolio Research,
GCC0096,Rise,UAE,Dubai,2020-03,Undisclosed,1400000,TRUE,Deep Tech & AI,,,,,,,News — Google News — GCC venture,REVIEW | Dubai’s Rise raises $1.4 million investment to provide financial services to low-income migrants in  | https://news.google.com/rss/articles/CBMiVEFVX3lxTE5NRFVUVXFXcklKVDFFN0phc3pfeUZ
GCC0097,Baims,Kuwait,Kuwait City,2020-03,Seed,,FALSE,Edtech,Online learning and edtech platform,,,AlWazzan Education,Seeds Partners,VC,Perplexity — Fund Portfolio Research,
GCC0098,Nana,Saudi Arabia,Riyadh,2020-03,Series B,18000000,TRUE,E-commerce & Retail,,,,STV,"MEVP, Wamda Capital",VC,Perplexity — Fund Portfolio Research,
GCC0099,SellAnyCar.com,UAE,,2020-02,Series C+,35000000,TRUE,Deep Tech & AI,,,,,,,News — Google News — GCC venture,REVIEW | UAE’s SellAnyCar.com Raises $35 Million in Funding - waya.media | https://news.google.com/rss/articles/CBMid0FVX3lxTE00MS1YYzZBN0o0Mm5nSE1RT1BjV3J
GCC0100,Seez,UAE,Dubai,2020-02,Series A,6000000,TRUE,Deep Tech & AI,,,,,,,News — Google News — Series A GCC,"REVIEW | Dubai’s Seez raises $6 million Series A to make car buying easy in UAE, Kuwait, Saudi & Pakistan - M | https://news.google.com/rss/articles/CBMiUkFVX3lxTE5nY2ZfdjdsNmd1VHF6SGt1d05wd3p"
GCC0101,Carzaty,Oman,,2019-12,Growth,4000000,TRUE,E-commerce & Retail,Automotive e-commerce platform,,,IDO Investments,,VC,Perplexity — Fund Portfolio Research,
GCC0102,Invygo,UAE,Dubai,2019-11,Seed,1000000,TRUE,Logistics & Supply Chain,,,,,,,News — Google News — raises million Gulf,"REVIEW | Dubai-based car subscription startup Invygo raises $1 million seed, plans expansion to Saudi & Bahra | https://news.google.com/rss/articles/CBMiT0FVX3lxTE1YNXlGemJMWTFscnpKTU9xcDVWYlR"
GCC0103,TruKKer,Saudi Arabia,Riyadh,2019-10,Series A,,FALSE,Logistics & Supply Chain,Digital freight and logistics platform,,,STV,"Riyad Taqnia Fund, Raed Ventures, Vision Ventures",VC,Perplexity — Fund Portfolio Research,
GCC0104,GuestReady,UAE,Dubai,2019-06,Series A,6000000,TRUE,Proptech,,,,,,,News — Google News — GCC venture,"REVIEW | GuestReady, a short-term rental management startup with presence in Dubai raises $6 million from Ven | https://news.google.com/rss/articles/CBMiW0FVX3lxTE5keFdEay1lcWNQQmJ5eTcwTHZORU1"
GCC0105,ProTenders,UAE,Dubai,2019-04,Seed,3000000,TRUE,SaaS & Enterprise Software,,,,,,,News — Google News — raises million Gulf,REVIEW | Dubai’s ProTenders raises $3 million Pre-Series A for its construction intelligence and procurement  | https://news.google.com/rss/articles/CBMiX0FVX3lxTFA5VDgwZGZxWmRYWE5uZUlRdTFfVUt
GCC0106,Nana,Saudi Arabia,Riyadh,2019-02,Series A,6600000,TRUE,E-commerce & Retail,Online grocery delivery platform,,,MEVP,"Impact46, SVC, Wamda Capital",VC,Perplexity — Fund Portfolio Research,
GCC0107,JustClean,Kuwait,Kuwait City,2019-02,Series A,8000000,TRUE,Logistics & Supply Chain,On-demand laundry marketplace and logistics SaaS,,,Faith Capital,,VC,Perplexity — Fund Portfolio Research,
GCC0108,COFE App,Kuwait,Kuwait City,2019-02,Seed,3200000,TRUE,Food & Agritech,Coffee marketplace and foodtech platform,,,KISP Ventures,"Cedar Mundi, Towell Holding, Takamul Capital, Dividend Gate Capital",VC,Perplexity — Fund Portfolio Research,
GCC0109,Mumzworld,UAE,,2018-10,Series B,20000000,TRUE,E-commerce & Retail,,,,,,,News — Google News — Series A GCC,REVIEW | UAE’s Mumzworld raises $20 million Series B to accelerate expansion of its baby products ecommerce p | https://news.google.com/rss/articles/CBMiWEFVX3lxTE5LWDFmRFFIM0w5ZGhMZGw2eWpGX0F
GCC0110,Sarwa,UAE,Dubai,2018-09,Seed,1300000,TRUE,Fintech,,,,Shorooq Partners,"500 Global, MEVP, HALA Ventures",VC,Perplexity — Fund Portfolio Research,
GCC0111,The Luxury Closet,UAE,Dubai,2018-07,Growth,8700000,TRUE,E-commerce & Retail,Online luxury resale marketplace,,,MEVP,"Wamda Capital, Precinct Partners, TechInvest, Saned, Equitrust",VC,Perplexity — Fund Portfolio Research,
GCC0112,Enhance,UAE,Dubai,2018-02,Seed,1500000,TRUE,E-commerce & Retail,,,,,,,News — Google News — raises million Gulf,REVIEW | Dubai-based Enhance raises $1.5 million in seed funding for its gifting platform ‘joi’ - MENAbytes | https://news.google.com/rss/articles/CBMiUEFVX3lxTE51NFFQXzJPamVHdE1STDY4eXhnMGd
GCC0113,Trukker,UAE,,2017-12,Seed,,FALSE,Deep Tech & AI,,,,,,,News — Google News — Series A GCC,REVIEW | UAE’s Trukker raises $1.4 mln in Saudi-led seed funding round - ارقام | https://news.google.com/rss/articles/CBMiaEFVX3lxTE8ySkgyQWpGbHYycDZPRTlwRnk5MzJ
GCC0114,Justmop,UAE,,2017-11,Series A,,FALSE,E-commerce & Retail,,,,,,,News — Google News — Series A GCC,"REVIEW | Justmop, a UAE-based on-demand cleaning services marketplace raises Series A funding - MENAbytes | https://news.google.com/rss/articles/CBMiVkFVX3lxTE1Lald6UTdSNFhRUm5OVHpqWEhTaVh"
GCC0115,The Luxury Closet,UAE,Dubai,2016-11,Series B,7800000,TRUE,E-commerce & Retail,Online luxury resale marketplace,,,Wamda Capital,"MEVP, Equitrust, Saned Partners, Arzan VC",VC,Perplexity — Fund Portfolio Research,
GCC0116,Careem,UAE,Dubai,2015-11,Series C+,60000000,TRUE,Logistics & Supply Chain,,,,The Abraaj Group,"BECO Capital, Wamda Capital, Arzan VC",VC,Perplexity — Fund Portfolio Research,
GCC0117,MealPlanet,UAE,,,Seed,,FALSE,Media & Entertainment,,,,,,,News — Google News — seed GCC 2024,REVIEW | UAE Startup MealPlanet Secures USD 6M in Seed Funding - waya.media | https://news.google.com/rss/articles/CBMifkFVX3lxTFAwcTdtNVMyNk91U2tReEpybzJtU2N
GCC0118,Pluto,UAE,,,Seed,,FALSE,Deep Tech & AI,,,,,,,News — Google News — Series A GCC,REVIEW | UAE’s Pluto Raises USD 4.1 M in a Pre-Series A Funding Round - waya.media | https://news.google.com/rss/articles/CBMihgFBVV95cUxOaVRaTjNYN1UzQnUyb0Z0Vk45OWI
GCC0119,Slide,Saudi Arabia,,,Pre-Seed,1750000,TRUE,SaaS & Enterprise Software,,,,,,,News — Google News — GCC venture,"REVIEW | Slide, Saudi Arabia’s SaaS startup, raises $1.75m in a pre-seed round - waya.media | https://news.google.com/rss/articles/CBMijgFBVV95cUxONHh2YWViZ0dLWU1SVWp1RVd5a3p"
